baseyear,year,month_code,month,item,index,inflation,status
2012,2025,12,December,Air Fare (normal): Economy Class(adult),206.3,1.58,F
2012,2025,11,November,Air Fare (normal): Economy Class(adult),215.5,8.56,F
2012,2025,10,October,Air Fare (normal): Economy Class(adult),211.4,8.19,F
2012,2025,9,September,Air Fare (normal): Economy Class(adult),205.1,4.38,F
2012,2025,8,August,Air Fare (normal): Economy Class(adult),203.6,3.35,F
2012,2025,7,July,Air Fare (normal): Economy Class(adult),202.3,3.16,F
2012,2025,6,June,Air Fare (normal): Economy Class(adult),211.6,7.79,F
2012,2025,5,May,Air Fare (normal): Economy Class(adult),214.3,8.29,F
2012,2025,4,April,Air Fare (normal): Economy Class(adult),209.1,5.87,F
2012,2025,3,March,Air Fare (normal): Economy Class(adult),211.5,7.03,F
2012,2025,2,February,Air Fare (normal): Economy Class(adult),207.0,3.66,F
2012,2025,1,January,Air Fare (normal): Economy Class(adult),202.3,3.21,F
2012,2024,12,December,Air Fare (normal): Economy Class(adult),203.1,3.52,F
2012,2024,11,November,Air Fare (normal): Economy Class(adult),198.5,0.10,F
2012,2024,10,October,Air Fare (normal): Economy Class(adult),195.4,0.05,F
2012,2024,9,September,Air Fare (normal): Economy Class(adult),196.5,2.88,F
2012,2024,8,August,Air Fare (normal): Economy Class(adult),197.0,0.41,F
2012,2024,7,July,Air Fare (normal): Economy Class(adult),196.1,-4.81,F
2012,2024,6,June,Air Fare (normal): Economy Class(adult),196.3,-4.48,F
2012,2024,5,May,Air Fare (normal): Economy Class(adult),197.9,-3.70,F
2012,2024,4,April,Air Fare (normal): Economy Class(adult),197.5,-2.81,F
2012,2024,3,March,Air Fare (normal): Economy Class(adult),197.6,-4.22,F
2012,2024,2,February,Air Fare (normal): Economy Class(adult),199.7,-8.35,F
2012,2024,1,January,Air Fare (normal): Economy Class(adult),196.0,-15.52,F
2012,2023,12,December,Air Fare (normal): Economy Class(adult),196.2,-18.82,F
2012,2023,11,November,Air Fare (normal): Economy Class(adult),198.3,-15.55,F
2012,2023,10,October,Air Fare (normal): Economy Class(adult),195.3,-19.83,F
2012,2023,9,September,Air Fare (normal): Economy Class(adult),191.0,-15.41,F
2012,2023,8,August,Air Fare (normal): Economy Class(adult),196.2,-10.82,F
2012,2023,7,July,Air Fare (normal): Economy Class(adult),206.0,-6.32,F
2012,2023,6,June,Air Fare (normal): Economy Class(adult),205.5,-4.77,F
2012,2023,5,May,Air Fare (normal): Economy Class(adult),205.5,-5.47,F
2012,2023,4,April,Air Fare (normal): Economy Class(adult),203.2,-4.56,F
2012,2023,3,March,Air Fare (normal): Economy Class(adult),206.3,0.98,F
2012,2023,2,February,Air Fare (normal): Economy Class(adult),217.9,4.46,F
2012,2023,1,January,Air Fare (normal): Economy Class(adult),232.0,10.95,F
2012,2022,12,December,Air Fare (normal): Economy Class(adult),241.7,18.36,F
2012,2022,11,November,Air Fare (normal): Economy Class(adult),234.8,12.72,F
2012,2022,10,October,Air Fare (normal): Economy Class(adult),243.6,14.74,F
2012,2022,9,September,Air Fare (normal): Economy Class(adult),225.8,0.67,F
2012,2022,8,August,Air Fare (normal): Economy Class(adult),220.0,2.52,F
2012,2022,7,July,Air Fare (normal): Economy Class(adult),219.9,6.13,F
2012,2022,6,June,Air Fare (normal): Economy Class(adult),215.8,4.86,F
2012,2022,5,May,Air Fare (normal): Economy Class(adult),217.4,19.12,F
2012,2022,4,April,Air Fare (normal): Economy Class(adult),212.9,20.15,F
2012,2022,3,March,Air Fare (normal): Economy Class(adult),204.3,26.82,F
2012,2022,2,February,Air Fare (normal): Economy Class(adult),208.6,27.90,F
2012,2022,1,January,Air Fare (normal): Economy Class(adult),209.1,22.50,F
2012,2021,12,December,Air Fare (normal): Economy Class(adult),204.2,24.36,F
2012,2021,11,November,Air Fare (normal): Economy Class(adult),208.3,33.53,F
2012,2021,10,October,Air Fare (normal): Economy Class(adult),212.3,32.19,F
2012,2021,9,September,Air Fare (normal): Economy Class(adult),224.3,32.41,F
2012,2021,8,August,Air Fare (normal): Economy Class(adult),214.6,20.83,F
2012,2021,7,July,Air Fare (normal): Economy Class(adult),207.2,27.51,F
2012,2021,6,June,Air Fare (normal): Economy Class(adult),205.8,,F
2012,2021,5,May,Air Fare (normal): Economy Class(adult),182.5,,F
2012,2021,4,April,Air Fare (normal): Economy Class(adult),177.2,,F
2012,2021,3,March,Air Fare (normal): Economy Class(adult),161.1,,F
2012,2021,2,February,Air Fare (normal): Economy Class(adult),163.1,133.00,F
2012,2021,1,January,Air Fare (normal): Economy Class(adult),170.7,141.78,F
2012,2020,12,December,Air Fare (normal): Economy Class(adult),164.2,128.37,F
2012,2020,11,November,Air Fare (normal): Economy Class(adult),156.0,130.09,F
2012,2020,10,October,Air Fare (normal): Economy Class(adult),160.6,130.09,F
2012,2020,9,September,Air Fare (normal): Economy Class(adult),169.4,141.65,F
2012,2020,8,August,Air Fare (normal): Economy Class(adult),177.6,142.62,F
2012,2020,7,July,Air Fare (normal): Economy Class(adult),162.5,117.54,F
2012,2020,6,June,Air Fare (normal): Economy Class(adult),203.9,183.59,F
2012,2020,2,February,Air Fare (normal): Economy Class(adult),70.0,-6.79,F
2012,2020,1,January,Air Fare (normal): Economy Class(adult),70.6,-7.47,F
2012,2019,12,December,Air Fare (normal): Economy Class(adult),71.9,-9.56,F
2012,2019,11,November,Air Fare (normal): Economy Class(adult),67.8,-11.14,F
2012,2019,10,October,Air Fare (normal): Economy Class(adult),69.8,-15.29,F
2012,2019,9,September,Air Fare (normal): Economy Class(adult),70.1,-1.41,F
2012,2019,8,August,Air Fare (normal): Economy Class(adult),73.2,13.49,F
2012,2019,7,July,Air Fare (normal): Economy Class(adult),74.7,5.36,F
2012,2019,6,June,Air Fare (normal): Economy Class(adult),71.9,-11.78,F
2012,2019,5,May,Air Fare (normal): Economy Class(adult),77.5,-6.63,F
2012,2019,4,April,Air Fare (normal): Economy Class(adult),78.0,-1.02,F
2012,2019,3,March,Air Fare (normal): Economy Class(adult),75.6,5.15,F
2012,2019,2,February,Air Fare (normal): Economy Class(adult),75.1,1.49,F
2012,2019,1,January,Air Fare (normal): Economy Class(adult),76.3,8.38,F
2012,2018,12,December,Air Fare (normal): Economy Class(adult),79.5,5.02,F
2012,2018,11,November,Air Fare (normal): Economy Class(adult),76.3,-1.80,F
2012,2018,10,October,Air Fare (normal): Economy Class(adult),82.4,7.15,F
2012,2018,9,September,Air Fare (normal): Economy Class(adult),71.1,-12.55,F
2012,2018,8,August,Air Fare (normal): Economy Class(adult),64.5,-28.65,F
2012,2018,7,July,Air Fare (normal): Economy Class(adult),70.9,-21.40,F
2012,2018,6,June,Air Fare (normal): Economy Class(adult),81.5,-6.64,F
2012,2018,5,May,Air Fare (normal): Economy Class(adult),83.0,-16.67,F
2012,2018,4,April,Air Fare (normal): Economy Class(adult),78.8,-16.35,F
2012,2018,3,March,Air Fare (normal): Economy Class(adult),71.9,-22.69,F
2012,2018,2,February,Air Fare (normal): Economy Class(adult),74.0,-22.35,F
2012,2018,1,January,Air Fare (normal): Economy Class(adult),70.4,-18.52,F
2012,2017,12,December,Air Fare (normal): Economy Class(adult),75.7,-13.98,F
2012,2017,11,November,Air Fare (normal): Economy Class(adult),77.7,-8.05,F
2012,2017,10,October,Air Fare (normal): Economy Class(adult),76.9,-0.65,F
2012,2017,9,September,Air Fare (normal): Economy Class(adult),81.3,10.01,F
2012,2017,8,August,Air Fare (normal): Economy Class(adult),90.4,39.51,F
2012,2017,7,July,Air Fare (normal): Economy Class(adult),90.2,34.63,F
2012,2017,6,June,Air Fare (normal): Economy Class(adult),87.3,13.38,F
2012,2017,5,May,Air Fare (normal): Economy Class(adult),99.6,33.16,F
2012,2017,4,April,Air Fare (normal): Economy Class(adult),94.2,23.95,F
2012,2017,3,March,Air Fare (normal): Economy Class(adult),93.0,29.71,F
2012,2017,2,February,Air Fare (normal): Economy Class(adult),95.3,36.73,F
2012,2017,1,January,Air Fare (normal): Economy Class(adult),86.4,19.83,F
2012,2016,12,December,Air Fare (normal): Economy Class(adult),88.0,14.14,F
2012,2016,11,November,Air Fare (normal): Economy Class(adult),84.5,12.82,F
2012,2016,10,October,Air Fare (normal): Economy Class(adult),77.4,5.59,F
2012,2016,9,September,Air Fare (normal): Economy Class(adult),73.9,1.51,F
2012,2016,8,August,Air Fare (normal): Economy Class(adult),64.8,-10.74,F
2012,2016,7,July,Air Fare (normal): Economy Class(adult),67.0,-8.47,F
2012,2016,6,June,Air Fare (normal): Economy Class(adult),77.0,-1.41,F
2012,2016,5,May,Air Fare (normal): Economy Class(adult),74.8,-14.90,F
2012,2016,4,April,Air Fare (normal): Economy Class(adult),76.0,-10.06,F
2012,2016,3,March,Air Fare (normal): Economy Class(adult),71.7,-9.58,F
2012,2016,2,February,Air Fare (normal): Economy Class(adult),69.7,-21.95,F
2012,2016,1,January,Air Fare (normal): Economy Class(adult),72.1,-18.62,F
2012,2015,12,December,Air Fare (normal): Economy Class(adult),77.1,-25.15,F
2012,2015,11,November,Air Fare (normal): Economy Class(adult),74.9,-27.56,F
2012,2015,10,October,Air Fare (normal): Economy Class(adult),73.3,-29.32,F
2012,2015,9,September,Air Fare (normal): Economy Class(adult),72.8,-22.96,F
2012,2015,8,August,Air Fare (normal): Economy Class(adult),72.6,-37.74,F
2012,2015,7,July,Air Fare (normal): Economy Class(adult),73.2,-37.01,F
2012,2015,6,June,Air Fare (normal): Economy Class(adult),78.1,-34.86,F
2012,2015,5,May,Air Fare (normal): Economy Class(adult),87.9,-30.68,F
2012,2015,4,April,Air Fare (normal): Economy Class(adult),84.5,-30.85,F
2012,2015,3,March,Air Fare (normal): Economy Class(adult),79.3,-37.41,F
2012,2015,2,February,Air Fare (normal): Economy Class(adult),89.3,-27.98,F
2012,2015,1,January,Air Fare (normal): Economy Class(adult),88.6,-30.13,F
2012,2014,12,December,Air Fare (normal): Economy Class(adult),103.0,,F
2012,2014,11,November,Air Fare (normal): Economy Class(adult),103.4,,F
2012,2014,10,October,Air Fare (normal): Economy Class(adult),103.7,,F
2012,2014,9,September,Air Fare (normal): Economy Class(adult),94.5,,F
2012,2014,8,August,Air Fare (normal): Economy Class(adult),116.6,,F
2012,2014,7,July,Air Fare (normal): Economy Class(adult),116.2,,F
2012,2014,6,June,Air Fare (normal): Economy Class(adult),119.9,,F
2012,2014,5,May,Air Fare (normal): Economy Class(adult),126.8,,F
2012,2014,4,April,Air Fare (normal): Economy Class(adult),122.2,,F
2012,2014,3,March,Air Fare (normal): Economy Class(adult),126.7,,F
2012,2014,2,February,Air Fare (normal): Economy Class(adult),124.0,,F
2012,2014,1,January,Air Fare (normal): Economy Class(adult),126.8,,F