airline,flight_no,route,departure_ts,fare
IndiGo,6E-2341,DEL-BOM,2026-11-08T06:15,"₹4,820"
Air India,AI-887,DEL-BOM,2026-11-08T09:00,"₹5,230"
Vistara,UK-995,DEL-BOM,2026-11-09T07:30,"₹6,100"
IndiGo,6E-511,DEL-BOM,2026-11-10T18:45,4380
SpiceJet,SG-233,DEL-BOM,2026-11-11T21:10,3990
Air India,AI-441,DEL-BOM,2026-11-12T05:20,"₹7,450"
Vistara,UK-641,DEL-BOM,2026-11-13T12:00,5600
IndiGo,6E-118,DEL-BOM,2026-11-14T15:30,4990
SpiceJet,SG-901,DEL-BOM,2026-11-16T08:15,4210
Akasa Air,QP-812,DEL-BOM,2026-11-17T19:40,"₹5,875"
IndiGo,6E-333,DEL-BOM,2026-11-18T06:00,4550
Air India,AI-609,DEL-BOM,2026-11-19T11:20,5310
Vistara,UK-771,DEL-BOM,2026-11-20T17:05,6240
IndiGo,6E-905,DEL-BOM,2026-11-21T20:35,4115
SpiceJet,SG-477,DEL-BOM,2026-11-22T09:45,3875
Akasa Air,QP-1408,DEL-BOM,2026-11-23T14:10,5090
IndiGo,6E-247,DEL-BOM,2026-11-24T07:25,"₹4,760"
Air India,AI-805,DEL-BOM,2026-11-25T22:15,5880
Vistara,UK-983,DEL-BOM,2026-11-26T13:40,6350
IndiGo,6E-661,DEL-BOM,2026-11-27T19:00,4680
Air India,AI-127,DEL-BOM,2026-11-28T05:50,"₹28,400"
IndiGo,6E-090,DEL-BOM,2026-11-29T23:30,1
SpiceJet,SG-655,DEL-BOM,2026-11-30T10:15,4025
Vistara,UK-559,DEL-BOM,2026-12-01T16:20,6180
IndiGo,6E-412,DEL-BOM,2026-12-02T08:40,4890
Air India,AI-333,BLR-DEL,2026-12-02T08:40,5400
