flight_id,route,airline,price,departure_ts,source
6E-2341,DEL-BOM,6E,4820,2026-11-08T06:15,ixigo
AI-887,DEL-BOM,AI,5230,2026-11-08T09:00,makemytrip
UK-995,DEL-BOM,UK,6100,2026-11-09T07:30,cleartrip
6E-511,DEL-BOM,6E,4380,2026-11-10T18:45,indigo
SG-233,DEL-BOM,SG,3990,2026-11-11T21:10,ixigo
AI-441,DEL-BOM,AI,7450,2026-11-12T05:20,airindia
6E-777,DEL-BOM,6E,1,2026-11-12T05:20,makemytrip
UK-641,DEL-BOM,UK,5600,2026-11-13T12:00,gflights
6E-118,DEL-BOM,6E,4990,2026-11-14T15:30,ixigo
AI-309,DEL-BOM,AI,26000,2026-11-15T22:00,cleartrip
SG-901,DEL-BOM,SG,4210,2026-11-16T08:15,indigo
QP-812,DEL-BOM,QP,5875,2026-11-17T19:40,ixigo
